date,event_summary,location,protest_type,participants,escalation,sentiment,source
2026-05-03,"The 2026 NEET controversy involved a paper leak and other examination irregularities affecting the National Eligibility cum Entrance Test (Undergraduate), or NEET-UG, conducted by India's National Tes",Pan-India,None,0,0,Highly Negative,Wikipedia
2026-01-01,"A replacement examination (""re-NEET"") was announced for June. The stress associated with the initial examination, its cancellation, and the prospect of sitting the examination a second time led to",Pan-India,None,0,0,Neutral,Wikipedia
2026-07-25,"The controversy led to protests, political criticism, and petitions to the Supreme Court of India. It drew comparisons with the 2024 NEET controversy. On 25 July 2026, Dharmendra Pradhan, the educatio",Pan-India,Street Protest,0,4,Negative,Wikipedia
2026-01-01,"The NEET-UG, formerly known as the All India Pre-Medical Test (AIMPT), is an Indian nationwide entrance examination conducted by the National Testing Agency (NTA) for admission to undergraduate medica",Pan-India,None,0,0,Neutral,Wikipedia
2026-01-01,"After the enactment of the NMC Act 2019 in September 2019, the NEET-UG became the sole entrance test for admissions to medical colleges in India including the All India Institutes of Medical Sciences",Pan-India,None,0,0,Neutral,Wikipedia
2026-01-01,"In 2024, a similar controversy arose when on 5 May, the day of the NEET-UG examination, several social media posts alleged the exam questions were leaked in advance.",Pan-India,None,0,1,Highly Negative,Wikipedia
2026-01-01,"Soon after the exam on 3 May, allegations emerged of a guess paper or question bank being shared through WhatsApp and other channels in coaching centers like Sikar, Rajasthan, which closely matched ma",Rajasthan,None,0,1,Neutral,Wikipedia
2026-01-01,"Shashikant Suthar, a chemistry teacher from Sikar, informed the authorities about the circulation of the leaked questions after comparing the material with the official exam paper, noting nearly 140 q",Rajasthan,None,0,4,Highly Negative,Wikipedia
2026-05-12,"On 12 May 2026, the NTA announced the exam was officially cancelled and a re-examination would be held. In a statement posted on X, the NTA announced the decision to cancel was taken ""in the inter",Pan-India,None,0,0,Highly Negative,Wikipedia
2026-01-01,"In Rajasthan, the Special Operations Group initiated an investigation after identifying 42 out of 45 questions from a mock paper traced to a coaching institute in Latur that appeared on the actual tes",Rajasthan,None,0,4,Highly Negative,Wikipedia
2026-05-12,"On 12 May 2026, the Central Bureau of Investigation (CBI) officially took over the investigation, and announced the arrest of several individuals, including Pune-based chemistry professor P. V",Pune,None,0,4,Highly Negative,Wikipedia
2026-01-01,"Investigators said the network was spread across Rajasthan, Maharashtra, and other states. Union Education Minister Dharmendra Pradhan admitted there was a ""breach in the command chain"", and annou",Rajasthan,None,0,0,Neutral,Wikipedia
2026-01-01,CBI investigators found evidence that the NEET UG 2025 question paper was also compromised by the same racket responsible for the 2026 leak.,Pan-India,None,0,4,Highly Negative,Wikipedia
2026-05-18,"On 18 May 2026, the CBI arrested Shivraj Motegaonkar, owner of Renukai Chemistry Classes Coaching Institute in Latur, Maharashtra, in connection with the paper leak. The investigation agency t",Delhi,None,0,4,Highly Negative,Wikipedia
2026-01-01,"The CBI carried out further probes at the residences of candidates who allegedly received the leaked papers at two locations in Nagpur. They were believed to be in contact with Manisha Waghmare, a bea",Pune,None,0,4,Highly Negative,Wikipedia
2026-05-22,"Manisha Sanjay Havaldar, the headmistress of a Pune-based school, was arrested by the CBI on 22 May 2026 for supposedly leaking the physics question paper, which later appeared in the actual exam. She",Pune,None,0,4,Highly Negative,Wikipedia
2026-01-01,"The CBI later clarified the supposed student was in fact a physics teacher, Tejas Harshadkumar Shah, who was associated with the Dr. Abhang Prabhu Medical Academy in Pune. Manoj Shirure, a pediatricia",Pune,None,0,4,Highly Negative,Wikipedia
2026-01-01,"The cancellation led to large protests by students and parents in Delhi and other cities, including by members of the National Students' Union of India at Shastri Bhavan in Delhi. Protestors d",Delhi,Street Protest,0,2,Highly Negative,Wikipedia
2026-01-01,"Former Chief Minister MK Stalin urged the central government to exempt the NEET-UG for the 2026 school year and allow states to determine their own medical admission process. He criticized the NEET, a",Pan-India,None,0,0,Highly Negative,Wikipedia
2026-01-01,"Medical organizations such as the Federation of All India Medical Associations filed petitions in the Supreme Court, asking for reforms within the NTA and a court-monitored re-examination. Edu",Pan-India,None,0,4,Neutral,Wikipedia
2026-05-25,"On 25 May 2026, the Supreme Court of India sought a status report on the implementation of recommendations made by the committee constituted after its 2024 ruling on the NEET-UG paper leak issue that",Pan-India,None,0,4,Highly Negative,Wikipedia
2026-06-06,"On 6 June 2026, the Cockroach Janta Party (CJP), founded by digital strategist Abhijeet Dipke, launched physical demonstrations at Jantar Mantar, New Delhi. The youth-led movement demanded the immedia",Delhi,None,0,2,Highly Negative,Wikipedia
2026-06-28,"On 28 June 2026, environmentalist and education reformer Sonam Wangchuk joined the CJP-led agitation at Jantar Mantar and began an indefinite hunger strike alongside student activists from the All Ind",Pan-India,Hunger Strike,0,3,Negative,Wikipedia
2026-07-18,"As the hunger strike reached its 21st day on 18 July 2026, Delhi Police forcibly removed a severely weakened Wangchuk from the protest stage and admitted him to VMMC & Safdarjung Hospital under direct",Delhi,Hunger Strike,0,4,Highly Negative,Wikipedia
2026-07-20,"On 20 July 2026, coinciding with the commencement of Parliament's Monsoon Session, CJP organised a ""Sansad Chalo"" (March to Parliament) rally. An estimated crowd of over 10,000 students and activists",Pan-India,Street Protest,0,3,Highly Negative,Wikipedia
2026-01-01,"Later that day, a delegation of CJP spokespersons, including Saurav Das and Ashutosh Ranka, met with Union Minister JP Nadda at his residence to formally submit a five-point petition. Their demands in",Pan-India,Street Protest,0,4,Highly Negative,Wikipedia
2026-07-25,"On 25 July 2026, due to mounting pressure and demands from the protestors, Pradhan resigned as Education Minister and was replaced with BJP MP and Union Minister Prahlad Joshi.",Pan-India,Street Protest,0,2,Negative,Wikipedia
2026-06-21,"The paper setters, translators, moderators and other team members linked to the retest scheduled on 21 June 2026 were secured at an undisclosed location. Usage of digital devices was restricted, and o",Pan-India,None,0,1,Neutral,Wikipedia
2026-01-01,"While downloading the admit cards for the retest, several candidates reported technical glitches in the official portal and also sought clarification regarding the fee refund procedure. The flagged is",Pan-India,None,0,1,Negative,Wikipedia
2026-06-16,"The NTA worked with relevant authorities to monitor social media and messaging platforms for suspicious activity and flag fake information related to the re-examination. As part of this undertaking, t",Delhi,None,0,4,Highly Negative,Wikipedia
2026-07-16,"The results of the retest were declared on 16 July 2026. 110,000 candidates qualified in the examination with women accounting for more than 58% of the total number of qualified candidates. Over 2",Pan-India,None,0,0,Neutral,Wikipedia
2026-01-01,"The government plans to amend the Public Examinations (Prevention of Unfair Means) Act, 2024 to introduce fast track courts for paper leak cases and increase the maximum jail term beyond the current 1",Pan-India,None,0,4,Highly Negative,Wikipedia
2026-05-03,NEET-UG 2026 conducted for ~22 lakh candidates; paper leak allegations surface,Pan-India,None,2200000,1,Negative,Brut Media
2026-05-12,NTA cancels NEET-UG 2026; CBI handed investigation; re-exam announced,Pan-India,PIL Filed,0,4,Highly Negative,Brut Media
2026-05-13,Student protests begin in Delhi and other cities demanding transparency,Delhi,Street Protest,5000,2,Negative,Brut Media
2026-06-06,CJP begins protest at Jantar Mantar demanding Education Minister's resignation,Delhi,Street Protest,500,3,Negative,Brut Media
2026-06-21,NEET re-exam conducted with IAF aircraft transporting papers; tight security,Pan-India,None,0,1,Neutral,Brut Media
2026-06-28,Sonam Wangchuk begins indefinite hunger strike at Jantar Mantar,Delhi,Hunger Strike,1000,3,Negative,Brut Media
2026-07-16,Delhi High Court intervenes; orders medical care for Wangchuk,Delhi,PIL Filed,0,3,Negative,Brut Media
2026-07-16,NEET re-exam results declared; fresh protests over score discrepancies,Pan-India,Street Protest,2000,2,Negative,Brut Media
2026-07-18,Delhi Police forcibly removes Wangchuk to Medanta Hospital after health deteriorates,Delhi,Hunger Strike,300,4,Highly Negative,Brut Media
2026-07-20,Sansad Chalo march; thousands detained; clashes at barricades,Delhi,Street Protest,10000,5,Highly Negative,Brut Media
2026-07-23,"PM Modi announces fast-track courts, anti-paper-leak legislation",Pan-India,None,0,2,Neutral,Brut Media
2026-07-24,Wangchuk ends 26-day hunger strike after talks with JP Nadda and Jitendra Singh,Delhi,Hunger Strike,0,2,Positive,Brut Media
2026-07-25,Education Minister Dharmendra Pradhan resigns under mounting pressure,Delhi,None,0,5,Highly Negative,Brut Media
